Group variable,Level,Outcome,N,Mean,SD,Median,IQR,Min,Max
Gender,Female,PHQ9_Total,51,4.5956,4.1792,4.0,6.0,0.0,17.0
Gender,Female,GAD7_Total,51,4.2353,3.7978,4.0,4.5,0.0,17.0
Gender,Female,SV_Emotional_Total,51,2.7742,0.8326,3.0,1.3889,1.0,4.1111
Gender,Female,Peer_Support_Total,51,3.8676,0.5205,4.0,0.75,2.5,5.0
Gender,Female,Supervisor_Support_Total,51,3.9232,0.5423,4.0,0.625,2.5,5.0
Gender,Female,Org_Support_Total,51,3.3333,0.8615,3.3333,1.3333,2.0,5.0
Gender,Female,Performance_Impact_Total,51,2.3971,0.8458,2.5,0.75,1.0,5.0
Gender,Female,Intent_Leave_Total,51,1.7941,0.7562,1.75,1.125,1.0,3.75
Gender,Female,Work_Withdrawal_Total,51,2.2941,0.8528,2.0,1.1667,1.0,4.3333
Gender,Female,Professional_Growth_Total,51,4.1422,0.5943,4.0,0.5,2.0,5.0
Gender,Female,Resource_Need_Total,51,3.458,0.6637,3.4286,1.0714,2.2857,4.8571
Gender,Female,Burnout_Total,51,2.8494,0.4312,2.8125,0.5667,2.0,4.0
Gender,Male,PHQ9_Total,48,4.1667,4.3532,3.0,5.25,0.0,16.0
Gender,Male,GAD7_Total,48,4.1875,4.6433,2.0,6.5,0.0,15.0
Gender,Male,SV_Emotional_Total,48,2.7205,0.8377,2.7222,0.8889,1.0,4.3333
Gender,Male,Peer_Support_Total,48,3.901,0.4775,4.0,0.75,2.5,4.75
Gender,Male,Supervisor_Support_Total,48,3.8698,0.7491,4.0,0.75,2.0,5.0
Gender,Male,Org_Support_Total,48,2.9444,0.8761,2.6667,1.3333,1.0,5.0
Gender,Male,Performance_Impact_Total,48,2.3281,0.8091,2.375,0.8125,1.0,4.25
Gender,Male,Intent_Leave_Total,48,1.849,0.9047,1.75,1.0,1.0,4.75
Gender,Male,Work_Withdrawal_Total,48,2.1389,0.8611,2.0,0.75,1.0,5.0
Gender,Male,Professional_Growth_Total,48,3.9635,0.7201,4.0,0.25,1.0,4.75
Gender,Male,Resource_Need_Total,48,3.2589,0.7756,3.2143,0.8929,1.0,5.0
Gender,Male,Burnout_Total,48,2.8536,0.5872,2.875,0.75,1.625,4.3125
Designation,Assistant Professor,PHQ9_Total,8,2.125,1.8851,2.0,2.5,0.0,5.0
Designation,Assistant Professor,GAD7_Total,8,1.5,1.1952,1.0,1.0,0.0,4.0
Designation,Assistant Professor,SV_Emotional_Total,8,2.0694,0.6395,2.3889,0.9722,1.2222,2.8889
Designation,Assistant Professor,Peer_Support_Total,8,4.3438,0.4213,4.5,0.375,3.5,4.75
Designation,Assistant Professor,Supervisor_Support_Total,8,4.2812,0.4317,4.375,0.5625,3.5,4.75
Designation,Assistant Professor,Org_Support_Total,8,3.0833,0.6843,3.0,0.9167,2.3333,4.0
Designation,Assistant Professor,Performance_Impact_Total,8,1.5312,0.6187,1.25,0.5625,1.0,2.5
Designation,Assistant Professor,Intent_Leave_Total,8,1.1562,0.352,1.0,0.0625,1.0,2.0
Designation,Assistant Professor,Work_Withdrawal_Total,8,1.5833,0.5842,1.3333,0.75,1.0,2.6667
Designation,Assistant Professor,Professional_Growth_Total,8,4.4062,0.4213,4.375,0.5625,3.75,5.0
Designation,Assistant Professor,Resource_Need_Total,8,3.2321,0.8432,3.1429,1.1071,2.2857,4.5714
Designation,Assistant Professor,Burnout_Total,8,2.4844,0.5647,2.375,0.4531,1.625,3.5625
Designation,Assistant professor,PHQ9_Total,4,1.75,1.5,1.0,0.75,1.0,4.0
Designation,Assistant professor,GAD7_Total,4,1.5,1.7321,1.0,1.0,0.0,4.0
Designation,Assistant professor,SV_Emotional_Total,4,2.8611,0.669,2.7222,0.6389,2.2222,3.7778
Designation,Assistant professor,Peer_Support_Total,4,3.75,0.5,4.0,0.25,3.0,4.0
Designation,Assistant professor,Supervisor_Support_Total,4,3.75,0.5,4.0,0.25,3.0,4.0
Designation,Assistant professor,Org_Support_Total,4,2.8333,0.5774,3.0,0.3333,2.0,3.3333
Designation,Assistant professor,Performance_Impact_Total,4,2.125,0.1443,2.125,0.25,2.0,2.25
Designation,Assistant professor,Intent_Leave_Total,4,2.375,0.5951,2.125,0.5,2.0,3.25
Designation,Assistant professor,Work_Withdrawal_Total,4,2.0833,0.1667,2.0,0.0833,2.0,2.3333
Designation,Assistant professor,Professional_Growth_Total,4,4.125,0.25,4.0,0.125,4.0,4.5
Designation,Assistant professor,Resource_Need_Total,4,3.5,0.9724,3.2857,0.7857,2.5714,4.8571
Designation,Assistant professor,Burnout_Total,4,2.4219,0.4158,2.4062,0.7031,2.0625,2.8125
Designation,Junior Resident,PHQ9_Total,15,4.8667,4.8383,4.0,7.5,0.0,13.0
Designation,Junior Resident,GAD7_Total,15,4.1333,4.0509,3.0,5.0,0.0,12.0
Designation,Junior Resident,SV_Emotional_Total,15,2.5185,0.8215,2.3333,1.0556,1.2222,3.7778
Designation,Junior Resident,Peer_Support_Total,15,3.7333,0.5041,3.75,0.5,2.5,4.5
Designation,Junior Resident,Supervisor_Support_Total,15,3.8333,0.6524,4.0,0.625,2.25,4.75
Designation,Junior Resident,Org_Support_Total,15,3.4222,0.9467,3.6667,1.0,1.3333,5.0
Designation,Junior Resident,Performance_Impact_Total,15,2.5167,0.7761,2.0,0.875,2.0,4.25
Designation,Junior Resident,Intent_Leave_Total,15,1.6667,0.7113,1.75,1.0,1.0,3.5
Designation,Junior Resident,Work_Withdrawal_Total,15,2.1333,0.5746,2.0,0.6667,1.3333,3.3333
Designation,Junior Resident,Professional_Growth_Total,15,3.75,0.7676,4.0,0.0,2.0,4.75
Designation,Junior Resident,Resource_Need_Total,15,3.1333,0.8197,3.1429,1.3571,2.0,4.2857
Designation,Junior Resident,Burnout_Total,15,3.0,0.3705,3.0,0.4375,2.5,3.8125
Designation,Nurse,PHQ9_Total,11,5.1818,4.1187,5.0,6.5,0.0,12.0
Designation,Nurse,GAD7_Total,11,4.4545,4.5247,4.0,8.0,0.0,13.0
Designation,Nurse,SV_Emotional_Total,11,3.2626,0.6212,3.1111,1.0,2.4444,4.1111
Designation,Nurse,Peer_Support_Total,11,3.5455,0.485,3.5,0.625,2.5,4.0
Designation,Nurse,Supervisor_Support_Total,11,4.3182,0.5011,4.0,0.75,3.5,5.0
Designation,Nurse,Org_Support_Total,11,3.8182,1.004,4.0,1.1667,2.0,5.0
Designation,Nurse,Performance_Impact_Total,11,3.0455,0.797,2.75,1.125,2.0,4.5
Designation,Nurse,Intent_Leave_Total,11,2.1364,0.7015,2.0,0.25,1.0,3.75
Designation,Nurse,Work_Withdrawal_Total,11,2.6061,0.9288,2.0,1.0,1.6667,4.3333
Designation,Nurse,Professional_Growth_Total,11,4.4545,0.4585,4.5,0.875,4.0,5.0
Designation,Nurse,Resource_Need_Total,11,3.7922,0.5126,4.0,0.8571,3.1429,4.4286
Designation,Nurse,Burnout_Total,11,2.7727,0.4448,2.625,0.6875,2.3125,3.625
Designation,Nursing Officer,PHQ9_Total,9,5.3333,3.5355,5.0,5.0,0.0,10.0
Designation,Nursing Officer,GAD7_Total,9,2.4444,2.1279,2.0,4.0,0.0,5.0
Designation,Nursing Officer,SV_Emotional_Total,9,2.4321,0.8774,2.2222,1.2222,1.0,3.5556
Designation,Nursing Officer,Peer_Support_Total,9,3.9444,0.4805,4.0,0.25,3.25,5.0
Designation,Nursing Officer,Supervisor_Support_Total,9,3.8056,0.6468,3.75,0.5,2.25,4.5
Designation,Nursing Officer,Org_Support_Total,9,3.5926,0.7778,3.6667,0.6667,2.3333,5.0
Designation,Nursing Officer,Performance_Impact_Total,9,2.1111,0.4859,2.25,0.5,1.25,2.75
Designation,Nursing Officer,Intent_Leave_Total,9,1.2778,0.441,1.0,0.5,1.0,2.0
Designation,Nursing Officer,Work_Withdrawal_Total,9,1.8519,0.5556,2.0,0.3333,1.0,3.0
Designation,Nursing Officer,Professional_Growth_Total,9,4.1667,0.9354,4.5,0.75,2.0,5.0
Designation,Nursing Officer,Resource_Need_Total,9,2.9048,0.5533,2.7143,0.7143,2.1429,3.7143
Designation,Nursing Officer,Burnout_Total,9,2.8681,0.3703,3.0,0.5,2.125,3.3125
Designation,Post Graduate,PHQ9_Total,22,4.8182,4.0548,3.0,5.0,0.0,14.0
Designation,Post Graduate,GAD7_Total,22,6.4545,5.289,5.0,6.5,0.0,17.0
Designation,Post Graduate,SV_Emotional_Total,22,2.7898,0.9818,3.1111,1.6389,1.0,4.3333
Designation,Post Graduate,Peer_Support_Total,22,4.0909,0.4122,4.125,0.25,3.0,4.75
Designation,Post Graduate,Supervisor_Support_Total,22,3.875,0.7628,4.0,0.875,2.0,5.0
Designation,Post Graduate,Org_Support_Total,22,2.697,0.7828,2.6667,0.5833,1.0,5.0
Designation,Post Graduate,Performance_Impact_Total,22,2.2841,1.0699,2.375,1.4375,1.0,5.0
Designation,Post Graduate,Intent_Leave_Total,22,1.7841,0.8462,1.75,0.9375,1.0,4.0
Designation,Post Graduate,Work_Withdrawal_Total,22,2.1212,1.0002,2.0,1.25,1.0,4.0
Designation,Post Graduate,Professional_Growth_Total,22,3.875,0.8336,4.0,0.625,1.0,5.0
Designation,Post Graduate,Resource_Need_Total,22,3.3571,0.7772,3.2857,0.5714,1.0,4.8571
Designation,Post Graduate,Burnout_Total,22,2.9261,0.5639,2.875,0.5938,1.625,4.0
Designation,Senior Resident,PHQ9_Total,24,4.3906,5.0075,3.0,5.25,0.0,17.0
Designation,Senior Resident,GAD7_Total,24,4.625,3.8877,3.5,6.25,0.0,14.0
Designation,Senior Resident,SV_Emotional_Total,24,2.9074,0.7213,3.0,0.9167,1.0,3.8889
Designation,Senior Resident,Peer_Support_Total,24,3.8229,0.508,3.75,0.75,2.5,4.75
Designation,Senior Resident,Supervisor_Support_Total,24,3.6806,0.6755,3.625,0.75,2.25,5.0
Designation,Senior Resident,Org_Support_Total,24,2.9028,0.7644,2.8333,1.0833,1.0,4.3333
Designation,Senior Resident,Performance_Impact_Total,24,2.4167,0.6823,2.5,1.0,1.25,3.5
Designation,Senior Resident,Intent_Leave_Total,24,2.1042,1.0239,2.0,0.9375,1.0,4.75
Designation,Senior Resident,Work_Withdrawal_Total,24,2.4861,0.958,2.1667,1.0,1.0,5.0
Designation,Senior Resident,Professional_Growth_Total,24,4.0312,0.4125,4.0,0.25,3.0,4.75
Designation,Senior Resident,Resource_Need_Total,24,3.4583,0.6499,3.2857,1.0357,2.2857,5.0
Designation,Senior Resident,Burnout_Total,24,2.955,0.5933,3.0312,0.6562,1.625,4.3125
Designation,Senior resident,PHQ9_Total,2,1.0,0.0,1.0,0.0,1.0,1.0
Designation,Senior resident,GAD7_Total,2,0.5,0.7071,0.5,0.5,0.0,1.0
Designation,Senior resident,SV_Emotional_Total,2,2.6111,0.2357,2.6111,0.1667,2.4444,2.7778
Designation,Senior resident,Peer_Support_Total,2,4.0,0.0,4.0,0.0,4.0,4.0
Designation,Senior resident,Supervisor_Support_Total,2,3.875,0.1768,3.875,0.125,3.75,4.0
Designation,Senior resident,Org_Support_Total,2,2.6667,0.4714,2.6667,0.3333,2.3333,3.0
Designation,Senior resident,Performance_Impact_Total,2,2.625,0.1768,2.625,0.125,2.5,2.75
Designation,Senior resident,Intent_Leave_Total,2,2.0,0.0,2.0,0.0,2.0,2.0
Designation,Senior resident,Work_Withdrawal_Total,2,2.3333,0.0,2.3333,0.0,2.3333,2.3333
Designation,Senior resident,Professional_Growth_Total,2,4.0,0.0,4.0,0.0,4.0,4.0
Designation,Senior resident,Resource_Need_Total,2,3.4286,0.0,3.4286,0.0,3.4286,3.4286
Designation,Senior resident,Burnout_Total,2,2.6875,0.0884,2.6875,0.0625,2.625,2.75
Specialization,CTVS,PHQ9_Total,2,10.5,9.1924,10.5,6.5,4.0,17.0
Specialization,CTVS,GAD7_Total,2,7.0,4.2426,7.0,3.0,4.0,10.0
Specialization,CTVS,SV_Emotional_Total,2,3.5556,0.3143,3.5556,0.2222,3.3333,3.7778
Specialization,CTVS,Peer_Support_Total,2,3.25,0.3536,3.25,0.25,3.0,3.5
Specialization,CTVS,Supervisor_Support_Total,2,3.125,0.1768,3.125,0.125,3.0,3.25
Specialization,CTVS,Org_Support_Total,2,2.6667,0.9428,2.6667,0.6667,2.0,3.3333
Specialization,CTVS,Performance_Impact_Total,2,2.625,0.5303,2.625,0.375,2.25,3.0
Specialization,CTVS,Intent_Leave_Total,2,3.25,0.0,3.25,0.0,3.25,3.25
Specialization,CTVS,Work_Withdrawal_Total,2,3.1667,1.1785,3.1667,0.8333,2.3333,4.0
Specialization,CTVS,Professional_Growth_Total,2,3.75,1.0607,3.75,0.75,3.0,4.5
Specialization,CTVS,Resource_Need_Total,2,4.4286,0.6061,4.4286,0.4286,4.0,4.8571
Specialization,CTVS,Burnout_Total,2,3.0312,0.3094,3.0312,0.2188,2.8125,3.25
Specialization,Emergency medicine,PHQ9_Total,2,10.0,2.8284,10.0,2.0,8.0,12.0
Specialization,Emergency medicine,GAD7_Total,2,15.0,0.0,15.0,0.0,15.0,15.0
Specialization,Emergency medicine,SV_Emotional_Total,2,4.2778,0.0786,4.2778,0.0556,4.2222,4.3333
Specialization,Emergency medicine,Peer_Support_Total,2,4.125,0.5303,4.125,0.375,3.75,4.5
Specialization,Emergency medicine,Supervisor_Support_Total,2,4.0,1.4142,4.0,1.0,3.0,5.0
Specialization,Emergency medicine,Org_Support_Total,2,1.6667,0.9428,1.6667,0.6667,1.0,2.3333
Specialization,Emergency medicine,Performance_Impact_Total,2,3.0,1.0607,3.0,0.75,2.25,3.75
Specialization,Emergency medicine,Intent_Leave_Total,2,2.875,1.591,2.875,1.125,1.75,4.0
Specialization,Emergency medicine,Work_Withdrawal_Total,2,2.5,2.1213,2.5,1.5,1.0,4.0
Specialization,Emergency medicine,Professional_Growth_Total,2,4.125,0.1768,4.125,0.125,4.0,4.25
Specialization,Emergency medicine,Resource_Need_Total,2,4.6429,0.303,4.6429,0.2143,4.4286,4.8571
Specialization,Emergency medicine,Burnout_Total,2,3.3438,0.3977,3.3438,0.2812,3.0625,3.625
Specialization,General Medicine,PHQ9_Total,20,4.65,4.44,3.5,6.0,0.0,13.0
Specialization,General Medicine,GAD7_Total,20,4.85,4.9871,4.0,8.25,0.0,15.0
Specialization,General Medicine,SV_Emotional_Total,20,2.9611,0.7355,3.0556,1.1389,1.6667,4.1111
Specialization,General Medicine,Peer_Support_Total,20,3.7125,0.4313,3.5,0.5625,3.0,4.5
Specialization,General Medicine,Supervisor_Support_Total,20,4.0125,0.547,4.0,0.25,2.5,4.75
Specialization,General Medicine,Org_Support_Total,20,3.4,0.9465,3.6667,1.4167,2.0,5.0
Specialization,General Medicine,Performance_Impact_Total,20,2.7125,1.0646,2.5,1.3125,1.0,5.0
Specialization,General Medicine,Intent_Leave_Total,20,1.7875,0.6401,2.0,0.8125,1.0,3.25
Specialization,General Medicine,Work_Withdrawal_Total,20,2.2833,0.8396,2.0,1.3333,1.0,4.3333
Specialization,General Medicine,Professional_Growth_Total,20,4.1625,0.5018,4.0,0.5,3.0,5.0
Specialization,General Medicine,Resource_Need_Total,20,3.35,0.7112,3.2857,0.5714,2.0,4.4286
Specialization,General Medicine,Burnout_Total,20,2.8562,0.4947,2.75,0.5781,2.0625,4.0
Specialization,General Surgery,PHQ9_Total,12,3.8333,3.0994,3.0,4.25,0.0,10.0
Specialization,General Surgery,GAD7_Total,12,3.6667,3.0551,3.5,4.0,0.0,11.0
Specialization,General Surgery,SV_Emotional_Total,12,2.3241,0.8958,2.3333,0.8889,1.0,3.8889
Specialization,General Surgery,Peer_Support_Total,12,4.125,0.579,4.125,0.8125,3.0,5.0
Specialization,General Surgery,Supervisor_Support_Total,12,3.9375,0.8127,4.125,0.75,2.25,5.0
Specialization,General Surgery,Org_Support_Total,12,2.7778,1.038,2.6667,0.6667,1.0,5.0
Specialization,General Surgery,Performance_Impact_Total,12,2.0208,0.801,1.75,1.3125,1.25,3.5
Specialization,General Surgery,Intent_Leave_Total,12,1.7083,1.1815,1.0,1.125,1.0,4.75
Specialization,General Surgery,Work_Withdrawal_Total,12,1.7222,0.6792,1.6667,0.75,1.0,3.3333
Specialization,General Surgery,Professional_Growth_Total,12,4.1042,0.7497,4.125,0.5625,2.0,4.75
Specialization,General Surgery,Resource_Need_Total,12,3.1905,0.5357,3.1429,0.5,2.2857,4.1429
Specialization,General Surgery,Burnout_Total,12,3.1094,0.5642,3.0625,0.625,2.125,4.3125
Specialization,Nephrology,PHQ9_Total,4,0.75,0.5,1.0,0.25,0.0,1.0
Specialization,Nephrology,GAD7_Total,4,1.0,0.8165,1.0,0.5,0.0,2.0
Specialization,Nephrology,SV_Emotional_Total,4,2.1111,0.4255,2.2222,0.5556,1.5556,2.4444
Specialization,Nephrology,Peer_Support_Total,4,4.0625,0.375,4.0,0.5625,3.75,4.5
Specialization,Nephrology,Supervisor_Support_Total,4,4.0,0.4564,4.0,0.625,3.5,4.5
Specialization,Nephrology,Org_Support_Total,4,2.75,0.631,2.5,0.5833,2.3333,3.6667
Specialization,Nephrology,Performance_Impact_Total,4,1.9375,0.5154,2.0,0.3125,1.25,2.5
Specialization,Nephrology,Intent_Leave_Total,4,1.5,0.4564,1.5,0.625,1.0,2.0
Specialization,Nephrology,Work_Withdrawal_Total,4,1.8333,0.3333,2.0,0.1667,1.3333,2.0
Specialization,Nephrology,Professional_Growth_Total,4,3.9375,0.5543,4.0,0.6875,3.25,4.5
Specialization,Nephrology,Resource_Need_Total,4,3.1071,0.6938,3.0,0.8214,2.4286,4.0
Specialization,Nephrology,Burnout_Total,4,2.6406,0.2571,2.6562,0.2031,2.3125,2.9375
Specialization,Neurosurgery,PHQ9_Total,4,1.5,1.7321,1.5,3.0,0.0,3.0
Specialization,Neurosurgery,GAD7_Total,4,1.5,1.9149,1.0,2.5,0.0,4.0
Specialization,Neurosurgery,SV_Emotional_Total,4,2.1111,0.7536,2.3889,0.5,1.0,2.6667
Specialization,Neurosurgery,Peer_Support_Total,4,4.125,0.3227,4.125,0.375,3.75,4.5
Specialization,Neurosurgery,Supervisor_Support_Total,4,4.375,0.5951,4.625,0.5,3.5,4.75
Specialization,Neurosurgery,Org_Support_Total,4,2.8333,0.5774,2.6667,0.3333,2.3333,3.6667
Specialization,Neurosurgery,Performance_Impact_Total,4,1.375,0.1443,1.375,0.25,1.25,1.5
Specialization,Neurosurgery,Intent_Leave_Total,4,1.0,0.0,1.0,0.0,1.0,1.0
Specialization,Neurosurgery,Work_Withdrawal_Total,4,1.25,0.3191,1.1667,0.4167,1.0,1.6667
Specialization,Neurosurgery,Professional_Growth_Total,4,4.375,0.3227,4.375,0.375,4.0,4.75
Specialization,Neurosurgery,Resource_Need_Total,4,2.7143,0.4949,2.5714,0.2857,2.2857,3.4286
Specialization,Neurosurgery,Burnout_Total,4,2.0312,0.4934,1.9375,0.7188,1.625,2.625
Specialization,Not specified,PHQ9_Total,10,4.2,4.2895,4.0,6.25,0.0,13.0
Specialization,Not specified,GAD7_Total,10,3.6,3.7476,2.5,4.75,0.0,12.0
Specialization,Not specified,SV_Emotional_Total,10,2.7889,0.8865,2.9444,1.4444,1.2222,4.0
Specialization,Not specified,Peer_Support_Total,10,3.725,0.4923,3.875,0.4375,2.5,4.25
Specialization,Not specified,Supervisor_Support_Total,10,3.55,0.8882,3.625,0.9375,2.25,4.75
Specialization,Not specified,Org_Support_Total,10,3.3333,0.9813,3.3333,1.1667,2.0,5.0
Specialization,Not specified,Performance_Impact_Total,10,2.675,0.7822,2.5,0.9375,2.0,4.0
Specialization,Not specified,Intent_Leave_Total,10,2.1,0.8991,2.0,0.1875,1.0,3.75
Specialization,Not specified,Work_Withdrawal_Total,10,2.4333,0.7544,2.0,0.8333,1.6667,4.0
Specialization,Not specified,Professional_Growth_Total,10,3.9,0.7379,4.0,0.0,2.0,5.0
Specialization,Not specified,Resource_Need_Total,10,3.5,0.6607,3.6429,0.8214,2.1429,4.2857
Specialization,Not specified,Burnout_Total,10,2.9562,0.3524,3.0,0.3594,2.375,3.4375
Specialization,Obstetrics and Gynaecology,PHQ9_Total,11,5.2727,4.2683,4.0,7.5,0.0,12.0
Specialization,Obstetrics and Gynaecology,GAD7_Total,11,4.0,3.3166,4.0,5.5,0.0,9.0
Specialization,Obstetrics and Gynaecology,SV_Emotional_Total,11,2.8927,0.8113,3.1111,1.2222,1.6667,4.1111
Specialization,Obstetrics and Gynaecology,Peer_Support_Total,11,3.7727,0.2611,3.75,0.375,3.25,4.0
Specialization,Obstetrics and Gynaecology,Supervisor_Support_Total,11,4.1136,0.5168,4.0,0.375,3.25,5.0
Specialization,Obstetrics and Gynaecology,Org_Support_Total,11,3.9697,0.6047,4.0,0.6667,3.0,5.0
Specialization,Obstetrics and Gynaecology,Performance_Impact_Total,11,2.4773,0.4803,2.5,0.5,1.5,3.25
Specialization,Obstetrics and Gynaecology,Intent_Leave_Total,11,1.5455,0.557,1.5,0.875,1.0,2.75
Specialization,Obstetrics and Gynaecology,Work_Withdrawal_Total,11,2.303,0.7372,2.0,0.8333,1.6667,4.0
Specialization,Obstetrics and Gynaecology,Professional_Growth_Total,11,4.3636,0.4659,4.25,0.75,3.5,5.0
Specialization,Obstetrics and Gynaecology,Resource_Need_Total,11,3.3831,0.7615,3.4286,1.1429,2.2857,4.5
Specialization,Obstetrics and Gynaecology,Burnout_Total,11,2.8636,0.3021,2.8125,0.3438,2.3125,3.3125
Specialization,Ophthalmology,PHQ9_Total,5,7.4,3.9749,6.0,3.0,4.0,14.0
Specialization,Ophthalmology,GAD7_Total,5,5.6,6.6182,4.0,4.0,1.0,17.0
Specialization,Ophthalmology,SV_Emotional_Total,5,2.6444,0.645,2.4444,0.6667,1.8889,3.5556
Specialization,Ophthalmology,Peer_Support_Total,5,4.15,0.4183,4.25,0.5,3.5,4.5
Specialization,Ophthalmology,Supervisor_Support_Total,5,3.75,0.4677,4.0,0.75,3.25,4.25
Specialization,Ophthalmology,Org_Support_Total,5,3.5333,0.5578,3.6667,0.6667,2.6667,4.0
Specialization,Ophthalmology,Performance_Impact_Total,5,2.3,0.8367,2.5,1.0,1.0,3.0
Specialization,Ophthalmology,Intent_Leave_Total,5,1.9,0.8023,2.0,1.0,1.0,3.0
Specialization,Ophthalmology,Work_Withdrawal_Total,5,2.6667,0.8498,2.6667,1.3333,1.6667,3.6667
Specialization,Ophthalmology,Professional_Growth_Total,5,4.1,0.6519,4.25,0.5,3.25,5.0
Specialization,Ophthalmology,Resource_Need_Total,5,4.1143,0.4214,4.1429,0.1429,3.4286,4.5714
Specialization,Ophthalmology,Burnout_Total,5,3.05,0.6365,3.25,1.1875,2.375,3.6875
Specialization,Orthopaedics,PHQ9_Total,9,4.0,4.9497,3.0,1.0,0.0,16.0
Specialization,Orthopaedics,GAD7_Total,9,3.5556,3.3208,2.0,4.0,0.0,9.0
Specialization,Orthopaedics,SV_Emotional_Total,9,2.5802,1.0331,2.7778,1.1111,1.0,3.8889
Specialization,Orthopaedics,Peer_Support_Total,9,4.1667,0.4677,4.0,0.75,3.5,4.75
Specialization,Orthopaedics,Supervisor_Support_Total,9,3.8056,0.7982,4.0,0.25,2.0,4.75
Specialization,Orthopaedics,Org_Support_Total,9,3.3333,0.6667,3.3333,1.0,2.3333,4.3333
Specialization,Orthopaedics,Performance_Impact_Total,9,2.0556,0.8907,2.5,1.25,1.0,3.5
Specialization,Orthopaedics,Intent_Leave_Total,9,1.9444,1.0809,2.0,1.0,1.0,4.5
Specialization,Orthopaedics,Work_Withdrawal_Total,9,2.4444,1.3333,2.0,1.6667,1.0,5.0
Specialization,Orthopaedics,Professional_Growth_Total,9,3.7222,1.1071,4.0,0.5,1.0,4.75
Specialization,Orthopaedics,Resource_Need_Total,9,3.1905,1.0714,3.1429,0.2857,1.0,5.0
Specialization,Orthopaedics,Burnout_Total,9,2.6429,0.677,2.8125,1.25,1.625,3.5
Specialization,Pediatrics,PHQ9_Total,8,5.1719,4.6813,4.1875,5.75,0.0,14.0
Specialization,Pediatrics,GAD7_Total,8,5.125,4.3569,4.5,4.75,1.0,14.0
Specialization,Pediatrics,SV_Emotional_Total,8,2.875,0.7113,3.0,0.0833,1.2222,3.6667
Specialization,Pediatrics,Peer_Support_Total,8,4.0312,0.4899,4.125,0.375,3.0,4.5
Specialization,Pediatrics,Supervisor_Support_Total,8,3.8438,0.6115,3.75,0.5625,3.0,5.0
Specialization,Pediatrics,Org_Support_Total,8,2.875,0.502,2.6667,0.3333,2.3333,4.0
Specialization,Pediatrics,Performance_Impact_Total,8,2.4062,0.9348,2.625,1.1875,1.0,3.75
Specialization,Pediatrics,Intent_Leave_Total,8,2.125,0.6547,2.0,0.5,1.0,3.0
Specialization,Pediatrics,Work_Withdrawal_Total,8,2.375,0.825,2.0,0.75,1.3333,4.0
Specialization,Pediatrics,Professional_Growth_Total,8,4.0,0.4432,4.0,0.25,3.0,4.5
Specialization,Pediatrics,Resource_Need_Total,8,3.3214,0.5051,3.2857,0.5357,2.7143,4.2857
Specialization,Pediatrics,Burnout_Total,8,2.7188,0.5786,2.5,0.7031,2.0625,3.625
Specialization,Pulmonology,PHQ9_Total,6,1.5,1.5166,1.5,1.75,0.0,4.0
Specialization,Pulmonology,GAD7_Total,6,3.0,3.5777,2.0,1.5,0.0,10.0
Specialization,Pulmonology,SV_Emotional_Total,6,3.1713,0.5562,3.2778,0.4444,2.25,3.8889
Specialization,Pulmonology,Peer_Support_Total,6,3.7917,0.368,3.875,0.4375,3.25,4.25
Specialization,Pulmonology,Supervisor_Support_Total,6,3.7917,0.4005,4.0,0.1875,3.0,4.0
Specialization,Pulmonology,Org_Support_Total,6,2.7222,0.3277,2.8333,0.5833,2.3333,3.0
Specialization,Pulmonology,Performance_Impact_Total,6,2.4167,0.3416,2.5,0.5625,2.0,2.75
Specialization,Pulmonology,Intent_Leave_Total,6,1.7083,0.4852,1.875,0.625,1.0,2.25
Specialization,Pulmonology,Work_Withdrawal_Total,6,2.2222,0.5018,2.0,0.5,1.6667,3.0
Specialization,Pulmonology,Professional_Growth_Total,6,4.3333,0.3028,4.375,0.4375,4.0,4.75
Specialization,Pulmonology,Resource_Need_Total,6,3.381,0.5003,3.2143,0.7857,2.8571,4.0
Specialization,Pulmonology,Burnout_Total,6,3.0222,0.3931,3.0667,0.2677,2.375,3.5625
