Model,Outcome,Term,B,Std error,t,p-value,95% CI low,95% CI high,HC3 robust std error,HC3 robust t,HC3 robust p-value,HC3 robust 95% CI low,HC3 robust 95% CI high,Standardized beta,OLS significance,HC3 robust significance
Predict GAD-7 anxiety,GAD7_Total,SV_Emotional_Total,2.6997,0.4978,5.4232,0.0,1.7108,3.6885,0.6994,3.86,0.0002,1.3104,4.0889,0.5334,***,***
Predict GAD-7 anxiety,GAD7_Total,Burnout_Total,1.7568,0.8427,2.0847,0.0399,0.0828,3.4307,0.8243,2.1313,0.0358,0.1194,3.3941,0.213,*,*
Predict GAD-7 anxiety,GAD7_Total,const,-7.0309,5.5402,-1.2691,0.2077,-18.0359,3.9741,7.7034,-0.9127,0.3638,-22.3328,8.271,,,
Predict GAD-7 anxiety,GAD7_Total,Age,-0.0974,0.0859,-1.134,0.2598,-0.2679,0.0732,0.0673,-1.4474,0.1512,-0.231,0.0362,-0.0972,,
Predict GAD-7 anxiety,GAD7_Total,Org_Support_Total,-0.4071,0.4083,-0.9968,0.3215,-1.2182,0.4041,0.5897,-0.6903,0.4918,-1.5784,0.7643,-0.0857,,
Predict GAD-7 anxiety,GAD7_Total,Peer_Support_Total,0.6621,0.7791,0.8498,0.3977,-0.8855,2.2096,1.5291,0.433,0.666,-2.3752,3.6994,0.0783,,
Predict GAD-7 anxiety,GAD7_Total,Supervisor_Support_Total,0.1209,0.5862,0.2063,0.837,-1.0434,1.2853,0.8391,0.1441,0.8857,-1.5459,1.7878,0.0186,,
Predict GAD-7 anxiety,GAD7_Total,Gender_Male,-0.0747,0.675,-0.1106,0.9122,-1.4155,1.2661,0.7032,-0.1062,0.9157,-1.4716,1.3222,-0.0089,,
Predict PHQ-9 depression,PHQ9_Total,SV_Emotional_Total,2.2861,0.5595,4.0859,0.0001,1.1747,3.3975,0.9155,2.4973,0.0143,0.4677,4.1046,0.4474,***,*
Predict PHQ-9 depression,PHQ9_Total,Burnout_Total,1.399,0.9472,1.4771,0.1431,-0.4824,3.2804,0.7507,1.8637,0.0656,-0.0921,2.8902,0.168,,
Predict PHQ-9 depression,PHQ9_Total,const,-7.6824,6.2271,-1.2337,0.2205,-20.0517,4.6869,9.5445,-0.8049,0.423,-26.6413,11.2765,,,
Predict PHQ-9 depression,PHQ9_Total,Org_Support_Total,0.4886,0.459,1.0645,0.2899,-0.4231,1.4002,0.7486,0.6526,0.5156,-0.9984,1.9755,0.1019,,
Predict PHQ-9 depression,PHQ9_Total,Age,-0.0699,0.0965,-0.7242,0.4708,-0.2615,0.1218,0.0681,-1.0256,0.3078,-0.2052,0.0655,-0.0691,,
Predict PHQ-9 depression,PHQ9_Total,Peer_Support_Total,0.6251,0.8757,0.7139,0.4771,-1.1143,2.3645,2.1142,0.2957,0.7682,-3.5745,4.8248,0.0733,,
Predict PHQ-9 depression,PHQ9_Total,Gender_Male,-0.1362,0.7587,-0.1796,0.8579,-1.6432,1.3708,0.8031,-0.1696,0.8657,-1.7315,1.459,-0.0161,,
Predict PHQ-9 depression,PHQ9_Total,Supervisor_Support_Total,-0.0026,0.6588,-0.0039,0.9969,-1.3113,1.3061,0.9973,-0.0026,0.9979,-1.9837,1.9785,-0.0004,,
Predict burnout,Burnout_Total,const,3.3343,0.3937,8.4691,0.0,2.5523,4.1164,0.4312,7.7334,0.0,2.4779,4.1908,,***,***
Predict burnout,Burnout_Total,SV_Emotional_Total,0.2526,0.0676,3.7372,0.0003,0.1183,0.3868,0.0705,3.584,0.0005,0.1126,0.3926,0.4116,***,***
Predict burnout,Burnout_Total,Age,-0.0351,0.0101,-3.4785,0.0008,-0.0552,-0.0151,0.0085,-4.1534,0.0001,-0.0519,-0.0183,-0.2891,***,***
Predict burnout,Burnout_Total,GAD7_Total,0.0219,0.0172,1.2731,0.2062,-0.0123,0.0562,0.0178,1.2302,0.2218,-0.0135,0.0574,0.1809,,
Predict burnout,Burnout_Total,Org_Support_Total,-0.0281,0.051,-0.5502,0.5835,-0.1295,0.0733,0.0549,-0.5113,0.6104,-0.1372,0.081,-0.0488,,
Predict burnout,Burnout_Total,Professional_Growth_Total,-0.0355,0.0709,-0.4997,0.6185,-0.1764,0.1055,0.0939,-0.3774,0.7068,-0.222,0.1511,-0.0459,,
Predict burnout,Burnout_Total,PHQ9_Total,0.0023,0.0154,0.1524,0.8792,-0.0282,0.0329,0.0143,0.164,0.8701,-0.026,0.0307,0.0195,,
Predict burnout,Burnout_Total,Gender_Male,0.0059,0.0841,0.0704,0.9441,-0.1611,0.1729,0.0817,0.0724,0.9425,-0.1564,0.1682,0.0058,,
Predict intention to leave,Intent_Leave_Total,Performance_Impact_Total,0.5025,0.1157,4.3431,0.0,0.2726,0.7323,0.1449,3.4665,0.0008,0.2145,0.7904,0.5007,***,***
Predict intention to leave,Intent_Leave_Total,Org_Support_Total,-0.2084,0.0735,-2.8362,0.0056,-0.3544,-0.0624,0.089,-2.3422,0.0214,-0.3851,-0.0316,-0.2231,**,*
Predict intention to leave,Intent_Leave_Total,Age,0.0323,0.0154,2.1057,0.038,0.0018,0.0628,0.0165,1.9643,0.0526,-0.0004,0.065,0.164,*,
Predict intention to leave,Intent_Leave_Total,Burnout_Total,0.2644,0.1568,1.6859,0.0953,-0.0472,0.5759,0.1294,2.0437,0.0439,0.0074,0.5214,0.1629,,*
Predict intention to leave,Intent_Leave_Total,SV_Emotional_Total,0.1682,0.1141,1.4745,0.1438,-0.0584,0.3948,0.1353,1.2428,0.2172,-0.1007,0.437,0.1689,,
Predict intention to leave,Intent_Leave_Total,PHQ9_Total,-0.0269,0.0222,-1.2126,0.2285,-0.0709,0.0172,0.0268,-1.0011,0.3195,-0.0802,0.0265,-0.138,,
Predict intention to leave,Intent_Leave_Total,const,-0.8559,0.722,-1.1855,0.239,-2.2902,0.5785,0.8514,-1.0052,0.3175,-2.5474,0.8356,,,
Predict intention to leave,Intent_Leave_Total,GAD7_Total,0.0185,0.0249,0.744,0.4588,-0.0309,0.0679,0.0288,0.6428,0.522,-0.0387,0.0757,0.0941,,
Predict intention to leave,Intent_Leave_Total,Gender_Male,0.0026,0.1206,0.0219,0.9826,-0.2369,0.2422,0.1309,0.0201,0.984,-0.2575,0.2628,0.0016,,
Predict performance impact,Performance_Impact_Total,SV_Emotional_Total,0.4998,0.0865,5.7774,0.0,0.3279,0.6716,0.1013,4.9342,0.0,0.2985,0.701,0.5037,***,***
Predict performance impact,Performance_Impact_Total,Org_Support_Total,0.2003,0.0653,3.0701,0.0028,0.0707,0.33,0.0645,3.1053,0.0025,0.0722,0.3285,0.2152,**,**
Predict performance impact,Performance_Impact_Total,Supervisor_Support_Total,-0.2114,0.0871,-2.4266,0.0172,-0.3844,-0.0383,0.1046,-2.0207,0.0463,-0.4192,-0.0036,-0.1661,*,*
Predict performance impact,Performance_Impact_Total,Burnout_Total,0.3168,0.1353,2.3404,0.0215,0.0479,0.5857,0.1485,2.1334,0.0356,0.0218,0.6118,0.1959,*,*
Predict performance impact,Performance_Impact_Total,GAD7_Total,0.02,0.0219,0.9109,0.3648,-0.0236,0.0635,0.0282,0.7067,0.4816,-0.0362,0.0761,0.1018,,
Predict performance impact,Performance_Impact_Total,PHQ9_Total,0.0128,0.0195,0.6578,0.5123,-0.0259,0.0516,0.0214,0.5987,0.5508,-0.0298,0.0554,0.0661,,
Predict performance impact,Performance_Impact_Total,Gender_Male,0.0296,0.1064,0.278,0.7816,-0.1819,0.2411,0.1107,0.2672,0.7899,-0.1904,0.2496,0.018,,
Predict performance impact,Performance_Impact_Total,const,0.0984,0.7095,0.1386,0.8901,-1.3112,1.508,0.6837,0.1439,0.8859,-1.26,1.4567,,,
Predict performance impact,Performance_Impact_Total,Age,0.0009,0.0136,0.0679,0.946,-0.0261,0.028,0.0146,0.0636,0.9495,-0.028,0.0298,0.0047,,
